
[
  { "name": "1", "shape": "poly", "coords": [109, 101, 121, 100, 130, 99, 140, 97, 148, 95, 156, 93, 152, 101, 151, 106, 146, 113, 143, 119, 141, 125, 137, 130, 133, 118, 128, 110, 120, 105], "strokeColor": "#ffffff8c", "fillColor": "#ffffff8c", "datatip": "head-profile-zone-1"  },

  { "name": "2", "shape": "poly", "coords": [81, 93, 88, 100, 97, 103, 106, 103, 116, 103, 126, 101, 134, 99, 142, 96, 150, 93, 131, 88, 121, 83, 112, 77, 105, 70, 95, 75, 87, 82], "strokeColor": "#ffffff8c", "fillColor": "#ffffff8c", "datatip": "head-profile-zone-2" },

  { "name": "3", "shape": "poly", "coords": [107, 68, 109, 75, 119, 80, 123, 84, 130, 87, 140, 92, 154, 95, 155, 88, 154, 79, 154, 70, 152, 59, 147, 50, 134, 54, 118, 61], "fillColor": "#ffffff8c", "strokeColor": "#ffffff8c", "datatip": "head-profile-zone-3" },

  { "name": "4", "shape": "poly", "coords": [140, 131, 148, 124, 156, 117, 166, 111, 175, 107, 184, 103, 194, 99, 205, 96, 216, 95, 227, 95, 235, 95, 242, 95, 250, 97, 233, 89, 222, 83, 212, 76, 206, 68, 198, 60, 191, 48, 182, 48, 173, 48, 163, 49, 151, 50, 154, 60, 157, 69, 157, 79, 157, 89, 154, 102, 149, 113], "fillColor": "ffffff8c", "strokeColor": "#ffffff8c", "datatip": "head-profile-zone-4" },

  { "name": "5", "shape": "poly", "coords": [190, 49, 197, 54, 204, 58, 210, 60, 216, 63, 224, 67, 230, 70, 237, 73, 242, 75, 249, 78, 258, 79, 269, 80, 266, 73, 257, 64, 250, 60, 235, 53, 225, 49, 211, 46, 201, 46], "fillColor": "#ffffff8c", "strokeColor": "#ffffff8c", "datatip": "head-profile-zone-5" },

  { "name": "6", "shape": "poly", "coords": [190, 49, 202, 56, 214, 62, 223, 67, 231, 70, 239, 74, 251, 77, 261, 78, 270, 79, 277, 85, 281, 89, 284, 94, 288, 100, 292, 106, 277, 101, 267, 99, 255, 96, 243, 92, 232, 89, 222, 84, 211, 76, 201, 66], "fillColor": "#ffffff8c", "strokeColor": "#ffffff8c", "datatip": "head-profile-zone-6" },

  { "name": "7", "shape": "poly","preFillColor": "green", "title":"seven", "coords": [302, 156, 288, 158, 277, 161, 261, 161, 247, 157, 240, 155, 229, 150, 222, 143, 216, 137, 206, 131, 198, 127, 191, 124, 180, 122, 168, 121, 159, 124, 148, 127, 153, 120, 161, 116, 167, 109, 179, 106, 186, 103, 199, 100, 206, 98, 214, 97, 225, 98, 236, 97, 247, 97, 258, 99, 270, 102, 281, 104, 287, 106, 294, 109, 299, 119, 302, 132, 301, 142, 302, 149], "fillColor": "#ffffff8c", "strokeColor": "#ffffff8c", "datatip": "head-profile-zone-7" }
]